{
  "__version__": "1.0.0",
  "builder": {},
  "gizmos-infos": {
    "is2D": false,
    "is3DIcon": false,
    "iconSize": 2,
    "gridVisible": true,
    "gridColor": [
      166,
      166,
      166,
      255
    ],
    "isIconGizmo3D": false,
    "iconGizmoSize": 2,
    "isGridVisible": true
  },
  "": {
    "sculpt_brush_rotate": 0
  },
  "camera": {
    "fov": 45,
    "far": 10000,
    "near": 0.01,
    "color": [
      48,
      48,
      48,
      255
    ],
    "wheelSpeed": 0.01,
    "wanderSpeed": 10,
    "enableAcceleration": true,
    "far2D": 10000,
    "near2D": 1,
    "wheelSpeed2D": 6,
    "size": "__default_design__"
  },
  "camera-infos": {
    "19323c5d-5d36-438a-86ee-8288c690e5b0": {
      "position": {
        "x": 4.997771028545611,
        "y": 1.647513864474068,
        "z": 0.024114050603132892
      },
      "rotation": {
        "x": -0.10516094033551236,
        "y": 0.7589175720215513,
        "z": 0.12667430675817934,
        "w": 0.6300308845698273
      },
      "viewCenter": {
        "x": -1.2148588797491975,
        "y": -0.5229354734481362,
        "z": 1.187122921661439
      }
    },
    "ff2f1fbb-58db-4216-a575-de39ff9009a9": {
      "position": {
        "x": -42.53613830214768,
        "y": 11.540874055915925,
        "z": -1.3288342577617058
      },
      "rotation": {
        "x": -0.282129848802433,
        "y": -0.4848014601813869,
        "z": -0.16875877979286924,
        "w": 0.8104879807026957
      },
      "viewCenter": {
        "x": -33.41118218222643,
        "y": 3.3364765463628245,
        "z": -6.227264194732591
      }
    }
  },
  "camera-uuids": [
    "ff2f1fbb-58db-4216-a575-de39ff9009a9"
  ],
  "float-window": {
    "position": {
      "cc": {
        "Camera": {
          "dock": false,
          "top": null,
          "bottom": 10,
          "left": null,
          "right": 10
        }
      }
    }
  }
}
