{
  "__type__": "cc.SpriteFrame",
  "content": {
    "name": "circle",
    "atlas": "",
    "rect": {
      "x": 3,
      "y": 3,
      "width": 122,
      "height": 122
    },
    "offset": {
      "x": 0,
      "y": 0
    },
    "originalSize": {
      "width": 128,
      "height": 128
    },
    "rotated": false,
    "capInsets": [
      0,
      0,
      0,
      0
    ],
    "vertices": {
      "rawPosition": [
        -61,
        -61,
        0,
        61,
        -61,
        0,
        -61,
        61,
        0,
        61,
        61,
        0
      ],
      "indexes": [
        0,
        1,
        2,
        2,
        1,
        3
      ],
      "uv": [
        3,
        125,
        125,
        125,
        3,
        3,
        125,
        3
      ],
      "nuv": [
        0.0234375,
        0.0234375,
        0.9765625,
        0.0234375,
        0.0234375,
        0.9765625,
        0.9765625,
        0.9765625
      ],
      "minPos": {
        "x": -61,
        "y": -61,
        "z": 0
      },
      "maxPos": {
        "x": 61,
        "y": 61,
        "z": 0
      }
    },
    "texture": "4155494b-79a5-412d-9eae-f10800530b06@6c48a",
    "packable": true,
    "pixelsToUnit": 100,
    "pivot": {
      "x": 0.5,
      "y": 0.5
    },
    "meshType": 0
  }
}